"En route pour l'Ã©pisode 174, avec un petit bonus Ã  la clÃ© !
Il y aura probablement encore un Ã©pisode sur ce sujet, pour cause de PLS a placer, avant de passer Ã  autre chose... ENFIN !
Bon Ã©pisode !",0.7513
Question pour moi qui suis au fond de la classe c'est quoi le Rainbow Warrior ?,0.4404
"Le 18-25 qui fait un meilleur job que les mÃ©dias officiels, bravo bravo ğŸ‘ğŸ»",0.0
Benalla Ã  la benne!,0.0
"Yo
J'ai pas de compte JVC pour le signaler, mais dans le PDF il manque le fait que Benalla n'a pas dÃ©clarer ses biens alors que c'est obligatoire pour tout les collaborateurs du prÃ©sident.
Ca avait Ã©tÃ© dit lors d'une commission du SÃ©nat. Par un des directeurs du cabinet du prÃ©sident ( kholer je crois ) il faudrait le rajouter je pense",-0.128
18-25 L'Ã©lite de la nation,0.0
"y'a que moi qui trouve que Benalla ressemble a Serge le mytho ? 
ca pourrait expliquer pas mal de choses...",0.0
jymmi moha quoi! Ce mec n'a rien de rebeu mais plutot! Euuuh non faut pas le dire!!!!,0.0
Il est temps de tourner la page MÄcron.ğŸ˜€ğŸƒ,0.0
"VoilÃ  pourquoi la France est toujours en galÃ¨re et ne pourra jamais se sortir des crises Ã©conomiques, si tout le monde passe son temps a chercher des petites bÃªtes au gouvernement plutÃ´t qu'Ã  accepter les consignes on ne va jamais s'en sortir et c'est bien dommage",-0.128
"La fin tragique de Macron ?
Jusqu'Ã  prÃ©sent, tous les connards dans son genre ont fini tranquillement leur vie au milieu de la Bourgeoisie la plus bourgeoise Ã  manger des petits fours.",0.0
"Oui, c'est la dÃ©sinformation par la ""surinformation"" inutile.",0.0
"a ce prix la, Brigitte je la zouk... meilleur punchline... EVER... j'ai pleurer de rire, merci pour ce bon moment d'analyse.",0.0
J'ai le droit de dire que j'ai peur pour ma France ?,-0.4588
"Oh, petit con sympas, MÃªme si c'Ã©tais belle et bien une affaires d'Ã©tat avec des fais rÃ©itÃ©rÃ©s ben benalla est d'origine arabe et aucun affaire d'Ã©tat a traitÃ© d'un homme avec ces origines donc chut. Et mÃªme si c'Ã©tait ce genre dâ€™affaire d'Ã©tat une affaire d'Ã©tat c'est retro, et la on est en 2018, c'est retro 2018 hein? c'est retro? NON donc chut.",0.0
Bonjour !je cherche  un affuteur de haches.oui oui je suis bÃ»cheron. ! Pour cette hiver,0.0
"""Benalla dÃ©couvre la lune"" ahahah",0.0
"Comment vous faites pour pas pÃ©ter un plomb vous ? 




Parce que je crois, que je suis en train de pÃ©ter un plomb de voir les gens qui s'en cognent !",0.0
Ah Greg je te kiff t un rayon de soleil merci!!ğŸ˜‰ğŸ˜mais le mensonge es total ğŸ¤¤ğŸ˜..bienvenue sur la terreğŸ˜¨ğŸ˜¨ğŸ˜¨ğŸ˜¨ğŸ˜µğŸ˜µğŸ˜µ,0.0
J'y fut,0.0
"Jimmy Mohamed.
C'est un troll du 18-25?ğŸ…",0.0
"On ne parle pas des 1200 dÃ©gÃ©nÃ©rÃ©s qui ont saccagÃ© tout un quartier de Paris pour mieux dÃ©foncer du CRS en toute impunitÃ© et qui ont fait passer Benalla pour une vulgaire tapette... DÃ©cidÃ©ment, l'indignation sÃ©lective...",-0.128
pourquoi ont-ils choisi cette police d'ecriture pour leur document?,0.0
"_ Un journaliste c'est soit une put, soit Un chomeur, soit un khey. 

_ Donc un chomeur ?

_ ...",0.0
jimmy c'est quoi ce collabo insterstellaire ! Quand on reprendra le pouvoir guillotinez ceux la en prio !!!,0.0
"""Tous les week end j'la zouk"" ğŸ˜…ğŸ˜…jpp",0.0
C'est beaucoup plus long qu'un tweet personne ne va lire Ã§a ! :(,-0.4926
Bah putain pour une fois que cette bande de dÃ©biles fait un truc utile. Chapeau.,0.0
"Tshirt Metallica sur un plateau tÃ©lÃ©, GG mec !!!",0.5871
"Je m'attendais a ce que tu parles de la motion de censure dÃ©posÃ©, puis je me suis rendu compte que celle ci a Ã©tÃ© dÃ©posÃ© APRÃˆS ton Ã©pisode.",0.0
"Je te mets un like juste parce que la coupure pub au milieu de ta vidÃ©o montrait un putain de trailer de Battle Angel Alita (Gunnm pour les vrais) !
...
Non je rigole, tu fais du boulot comme d'hab ^^",-0.1007
"""Brigitte tu la zoukes""  MDR  !!! :-D",0.7104
Les turpitudes des uns n'excusent pas les turpitudes des autres !,0.0
Il faut que je retrouve une vidÃ©o qui explique que le gouvernement actuel est anticonstitutionnel et illÃ©gitime car sous Hollande ils ont passer une loi qui rÃ©unis les pouvoirs lÃ©gislative et judiciaire il me semble et personne n'en a parler,0.0
"Bon ... la seule minuscule petite nouvelle, c'est que macron n'a pas pris de point favorable aprÃ¨s la victoire de l'Ã©quipe de France de foot. 
C'est tout ce que l'on peut en tirer de positif.",0.3818
J'aime beaucoup ta conclusion et l'utilisation que tu fais de ta mÃ©taphore.,0.0
"C'est super ! Merci ! Cela dit Greg, tu pourrais un peu dÃ©fendre la langue franÃ§aise en mettant un peu le frein sur les anglicismes Ã  tout va. Celui qui doit sauter en premier c'est Fake News : ""fausses nouvelles"" serait bien ;) Merci encore pour ton super boulot",0.7707
18-25 = AVENOEL,0.0
"Je crois que tu avais dÃ©jÃ  Ã©voquÃ© ce projet lors d'un live, mais Ã§a serait vraiment gÃ©nial que tu puisses lancer une sÃ©rie de vidÃ©os pour expliquer des concepts politiques pour les novices et pourquoi pas faire un rÃ©cap des membres principaux de l'AG (leur orientation politique, leur passÃ©, magouilles s'il y en a..) ^^'",0.0
"Selon la lÃ©gende, Staline serait jaloux de Macron et de sa propagande.",0.0
"Le 18-25 premier sur l'info 24/7
MacronTV,euh BFMTV n'a qu'Ã  bien se tenir!",0.0
"MERCIIIIIIIIIIIIIIIIIIIIIIIIII  GrÃ©g ,la bombinette cette vidÃ©o comme d'hab .Jimmy Mohamed lol ,le prochain sera JÃ©sus Hendrix !! Putain quel propagandiste de merde ,mais comment il ose ce merdeux monter le ton et s'indigner alors qu'ils sont au coeur de ce scandale d'Ã©tat qui rÃ©vÃ¨le de nombreux disfonctionnements au plus haut niveau .",0.5242
"CA FAIT 6 ANNEES QUE JE LA REGARDE PLUS, LA TELE. JAMAIS ETE AUSSI HEUREUSE !",0.0
J'ai trop rigolÃ© ! Merci Greg Tabibian.,0.0
T le meilleur,0.0
Excellent episode!,0.6114
"Ah mais tout le monde il est volontaire et dynamique, c'est comme au PÃ´le Emploi.",-0.128
"Ah Kolher, c'est l'chocolat ! Y va Ãªtre marron le pÃ´v' mec.",0.0
"Si c'est pas une affaire d'Etat, c'est peut-Ãªtre une affaire de dÃ©tail !",0.0
"Une ""dÃ©riiiiiiiive individuelle"". Oh, qu'est-ce qu'elle cause bien cette ministre !!!! Une dÃ©rive individuelle. Une barque percÃ©e Ã§a dÃ©rive toujours. Est-ce qu'elle pratique le rafting cette brave bienpensante ?",0.6776
Ã§a n'est bien sÃ»r que le dÃ©but. Pour que Ã§a s'arrÃªte il faut que les intÃ©ressÃ©s comprennent qu'ils ne peuvent pas tout se permettre comme dans une start-up. Vu les explications fournies Ã§a n'est pas le cas. Les mÃªmes erreurs seront donc reproduites avec le mÃªme cynisme et la mÃªme absence de scrupules.,-0.128
j'espÃ¨re que la la mise au vote de ces motions de censure vont passer.,0.0
"Il devrait s'autoproclamer avocat de M. Benalla, parce qu'il le dÃ©fend bec et ongles, un bec je crois pas qu'il en ait un, l'a pas l'air d'un oiseau, c'est pas comme Zemmour, l'Ã©tourneau, ah peut-Ãªtre un oiseau de mauvais augure alors ;Â des ongles, en principe oui, encore faut-il qu'il ne se les ronge pas, hein, petit mordilleur.",0.0
"De toutes faÃ§ons, dans 2 mois tous le monde aura oubliÃ©, et dans 3 ans Le suprÃªme chancelier de lumiÃ¨re macron 1er sera de retour au pouvoir.  La seule issue tragique qu'il y a elle est pour nous x)",0.0
"Je vois dÃ©jÃ  les non forumeurs dire ""C'est quoi des Gilberts ?""",-0.4588
"excellent, comme d hab:)",0.5719
"Comme d'habitude et comme de ""par hasard"" M LePen passe devant les camÃ©ra en incruste, Ã§a n'a pas dut plaire Ã  Mrs Obono......  Y a t il un ""Benalla"" Ã  l'ElysÃ©e? surtout qu'ils sortent la vidÃ©o que maintenant alors que Ã§a date du 1er Mai..... TrÃ¨s perturbant...... Troublant mÃªme..... ""Ils souhaitent le retour de Flamby? faudrait savoir ce qu'ils veulent, de vrais girouettes.........!",0.0
"salut greg ! comment se fait il que personne ne s'offusque ou ne s'Ã©tonne d'avantage du fait que makao soit pote avec jawad, et que benalla  a recrutÃ© makao ? pour moi le scandale d'Ã©tat, il est la",0.0
"exactement ce que je voulais faire: parfait! merci a eux, cest dire l independance des medias! et au niveau censure c est chaud! pas mal de comptes twitters trop""actifs"" sur benalla ont ete clos...effacÃ©s,hop apu!",-0.6331
"Trop balaise !! Je m Ã©clate!!  Merci  ,A plus sur ta chaine !!",0.0
"Excellent ! un des meilleurs JSPC pour moi. 
Qu""est ce que tu leur met Ã  la fin !",0.6467
"Hello  ,  tout  d'abord  merci   pour  tes  vidÃ©os  . Sinon  tu  avais  pensÃ©  Ã   faire un  off ...  On  entends beaucoup  parlÃ©  sans  savoir  trop qui c'est   ! De  Vincent  Crase  ? Qui est  ce  Monsieur  ""  complice"" d'Alexandre  Benalla  ?  on  voit  et  lit  pas mal de  choses  un peu partout  sans  rien de concret  . Ce  gars  sortis  de nulle part  a  sa pub  Ã  droite  et  Ã  gauche  , Bouquet  missaire  ?  (Je  ""suis""  en  gros  la  commission)  Y'en  a  -t-il  d'autres  qui  vont  sortir  du  chapeau ?  Si  tu peux Ã©clairer  la  lanterne  ,  merci !",-0.4667
"Hello
Passe la seconde!
Tu balances des infos de dingue mais sous forme d'images subliminales.
Vas jusqu'au bout, toujours en essayant comme tu le fais d'etre le plus exhaustif possible. Mais un moment, va falloir que tu dises ce que tu as dans le fond de ta tete...
Bon episode cependant.",0.4926
"C'est que le dÃ©but, d'accord d'accord,
Quelque chose vient de tomber ! 
sur le forum JVC !",0.0
"Salut Mr, comme tjrs trÃ¨s bon! Pour le fichier des kikoo lol jeux vidÃ©o.com impossible de le voir si tu peux le rÃ© upload.. merci",0.4753
"""Vous Ãªtes des grandes filles et des grands garÃ§ons"", dÃ¨s le dÃ©but tu ""confonds identitÃ© de genre et expression de genre..."" ..suivez mon regard xD",0.5859
"Ta gueule Timmy.
^^",0.0
Bravo les clefs â¤â¤,0.0
"Bah c'est pour cela que je dis plus ""media"" mais ""merdia"", voilÃ , voilÃ ...",0.0
"PDF dl pour SAV ;) 
(aucasoÃ¹onsaitjamais)",0.2263
gg mes khey :hap:,0.296
"Merci pour la vidÃ©o ! Super boulot.
Un gros bravo au 18-25 aussi !",0.6688
"On sent que les soutiens cachent des dossiers qui pourraient faire surface. Les traites restent Ã  vie des traites, juste ils changent d alliÃ©s ou prennent la fuite avec les millions dÃ©tournÃ©s loin de France.",0.0
Tu m'as encore fait Ã©clater de rire dans me mÃ©tro merci Ã§a m'a fait plaisir de montrer Ã  tous ceux qui font la gueule que c'est possible de rire ici aussi,0.0
"Mais comme il abuse le Jimmy avec sa rhÃ©torique foireuse, l'apparatchik typique...
'Une semaine matin et soir Ã  parler de Bennalla' : C'est peut-Ãªtre parce que c'est l'illustration absolue de la corruption de ce gouvernement...",-0.6369
Encore un franÃ§ais de souche  ce moamed !ğŸ¤”,0.0
"avec un gouvernement de traÃ®tres , l'avantage c'est que si , un seul tombe, pour que tous ils se balancent tous les dossiers et que Ã§a fasse une chaÃ®ne de dominos .
et la tout va exploser au grand jour",0.3612
"J'aime bien les ""arguments"" balancÃ©s de part et d'autre par tout le monde et n'importe qui pour dÃ©dramatiser l'affaire Benalla.

C'est tellement magique Ã  chaque fois ! ""Il Ã©tait dÃ©vouÃ© !"", ""Il a pas fait ci, il a pas fait Ã§a !"", ""J'ai appris qu'aujourd'hui !""...
Je vous jure, chaque fois qu'une vidÃ©o ou un article traite de cette affaire, j'ai l'impression de regarder un zapping, comme celui qu'on vous met en fin d'annÃ©e pendant la pÃ©riode de NoÃ«l.

C'est un concours de la plus bidon des excuses possibles oÃ¹ tout le monde tient sur la premiÃ¨re place du podium, y'en a pas un pour amener de l'intelligence, du bon sens, de la responsabilitÃ©, du respect... rien ! Que de la merde !

Affligeant et rÃ©voltant...",-0.4885
"c'est con, hein mais le premier lien de la premiere categorie marche pas :P",0.4824
Excellente vidÃ©o !,0.0
ğŸ‘ğŸ‘,0.0
"""Remettez nous en marche"" Mais c'est magique, sÃ©rieux le type fait de l'apologie de macron boudhisme ou bien ?",0.0
Quand le 18/25 fait un meilleur travail d'analyse que le Gouvernement et que tous les mÃ©dias de France...on peut paniquer lÃ  ou on attend encore un peu au nom du progrÃ¨s ?,0.0
"Merci, merci, merci !  Vous me faites ma journÃ©e ! DrÃ´le, incisif, percutant, jâ€™adore. Je partage Ã  tout va !",-0.3348
"oh mon dieu je connaissais pas jimmy mohamed.. bah oui je regarde plus bfmwc, mais on lui fouterait des claques Ã  se collabo de merde....",0.0
"Terrorisme > Jawad > Makao > Benalla > Macron ? :)
Non seulement il doit ce tapper mamie mais il doit avoir des infos sensible ;)",0.5994
"La ldj tabasse bien plus de monde qu'un bennalla, mais c'est l'arabe de service qui fait scandale. Ben oui le pouvoir a des hommes de mains je vois pas ce qu'il y'a d'incroyable! Quel soufflet bidon cette histoire.",0.0
"c'est moi oÃ¹ le mec dit que benalla n'est pas ceci ou Ã§a, j'ai l'impression qui a fait Ã§a.",0.0
C'est dingues ce qu'on trouve dans le pdf. La preuve que cette RÃ©publique oligarchique est vraiment fantoche,0.0
Ã‰pisode excellent ! ğŸ‘,0.6114
"Mais alors, du coup avec l'intervention sur les deux jeunes aux Parc des plantes, si on prend en compte l'argumentation de belloubet, il y a rÃ©pÃ©tition donc affaire d'Ã‰tat.",0.0
Greg ta video on la voie pas sur ta page,0.0
Mythique....j ai l impression  de revoir le vrai DieudonnÃ©  ya 15 ans,0.2263
"Je te suis depuis maintenant quelques mois Greg, je voulais te remercier pour tes vidÃ©os car je les trouves gÃ©niales! 

En plus de cela tu relai le bon boulot du 18-25 alors lÃ  c'est l'apogÃ©e mon grand ;) 
Passe une agrÃ©able et bonne fin de semaine mon poulet!",0.6688
"Bravo Greg! 
C'est le taxi de Bastille;)",0.0
Non,0.0
.,0.0
"Je comprends que le pouvoir rende fou, mais dÃ©fendre benalla, le rÃ©sultat d'une dÃ©rive institutionnelle, du j'm'enfoutisme de la constitution, des institutions, des lois, des gens... Mais Ã§a tient au fanatisme quasi mystique le bordel! Et pas un merdia pour ne faire qu'un tout petit  ""contre interrogatoire"", mÃªme l'opposition si elle n'a jamais existÃ©, gesticule dans le vide... 
SÃ©rieux, y'a autant de pro-macron que Ã§a en France pour que tout les lrem passent de bonnes vacances cet Ã©tÃ© ? On fait rien, mÃªme pas un p'tit coups d'flip? 
On le mÃ©rite finalement...",-0.3923
La rÃ©publique en marche me dÃ©goute,0.0
Qu'est ce qui te dit que je suis une grande fille ou un grand garÃ§on? MÃ©chant binaire!!,0.555
Je suis le seul pour qui le lien vers le PDF ne fonctionne pas ?,0.0
Le PDF n'est plus accessible ! Quelqu'un a un lien ?,0.0
"Comme tu le dis en introduction, trop d'informations tue l'information (tout est mis au mÃªme niveau). Mais sÃ©lectionner certaines informations c'est dÃ©jÃ  la manipuler... quelle est la solution?!",0.0
Hahaha ! Kohler c'est un marque de chiottes !!! la barre de rire !,0.6973
"Woh, beau travail du forum 18-25 ğŸ˜ c'est gÃ©nial.
Notre gouvernement est tellement merveilleux...",0.0
Euh... Le document est Ã  la poubelle '-',0.0
Lâ€™Ã©lite de la nation putain,0.0
18-25 l'Ã©lite de la nation !,0.0
dat rÃ©fÃ©rencement!,0.0
"c'est bien beau de dÃ©noncer,mais aprÃ¨s le constat ont fait quoi?ont suis toujours ce modÃ¨le de sociÃ©tÃ©( qui marche pas)ou ont passe a autre chose?retournons dans nos campagne",0.0
"une seule certitude LREM =VOYOUS,  au piquet ,au goulag, au poteau, au camp de concentration, en zonzon...",0.0
Juste merci â˜ºï¸,0.0
"Je ne suis pas franÃ§ais mais je me dis ceci: aprÃ¨s Sarkozy, aprÃ¨s Hollande, il y aura un aprÃ¨s Macron. Ã‡a toujours Ã©tÃ© de pire en pire... Donc le prochain sera pire que Macron ? ğŸ˜",0.0
Bien content que tâ€™en ai mis une petite couche Ã  J Mohamed!! Ce mec est juste trop ğŸ˜±ğŸ˜±ğŸ˜±ğŸ‘ğŸ»ğŸ’©ğŸ¤¢ğŸ¤®,0.0
"Dommage que le son soit si bas,  il nous fait perdre des bouts de phrases si on n'installe pas l'ordi sur une sorti audio autre. Un problÃ¨me qui n'existait pas dans les anciennes vidÃ©os. (Ceux qui ont des doutes comparÃ© celui-ci avec le #113).",0.0
comme quoi le peuple est bien capable de prendre en main son destin.,0.3818
Macron a voulus mettre la loi de censure suite Ã  la vidÃ©o Bennalla,0.0
La commission parlementaire du 18-25  ^^,0.0
"Ã‡a change de Rachid Arhab,
 Jimmy Mohamed ^^",0.0
Toujours parfait Greg ;) par contre ton lien vers le PDF ne marche pas...,0.2263
C est pas pour rien qu'on est l' Ã©lite de la nation .,0.0
"Comment je t'adore mec, t'es le meilleur. J'espÃ¨re que le systÃ¨me mÃ©diatique, judiciaire et politique ne te mettrons pas de batons dans les roues. 
Bon courage !!",0.5837
Par contre c'est bizarre ou pas ? Ya pas mal des articles du document qui on Ã©tÃ© supprimÃ©,-0.3182
Merci Greg,0.0
"Excellent, continue comme Ã§a",0.5719
"Impossible de tÃ©lÃ©charger le document, il a Ã©tÃ© mis Ã  la corbeille par son propriÃ©taire.... ğŸ¤”",0.0
"""-bonjour ! Je suis le candidat du troisiÃ¨me reich et de la restauration du rÃ©gime de vichy !
- Oh putain on vas voter pour lui ! Enfin un mec de gauche !"" ğŸ˜‚",0.0
Il n'y a pas de mots assez fort pour te remercier de l'incroyable travail d'analyse de l'information que tu nous fournis. Merci Greg,0.0
"Hello Greg, j'en suis qu'au milieu de la vidÃ©o (qui est trÃ¨s bien comme d'hab) mais j'ai une remarque, depuis quelques Ã©pisodes tu prends la mÃªme Ã©locution que Tatiana VentÃ´se, inspiration inconsciente j'imagine, mais je trouve que Ã§a ne te va pas.
C'Ã©tait my 2cts, sinon c'est top, merci.",0.6369
C'est de quelle origine Tabibian?,0.0
la 1ere question est si benalla etait la pour sodo macron ou sa femme...? ou les 2?,0.0
Pas FranÃ§ois ... faut essayer Marine le pen non ?,0.0
"Putain l'image de marine Ã  cÃ´tÃ© de obono ""peut-Ãªtre pas..."" j'en peux plus khey

Je crois que c'est le meilleur Ã©pisode de JSPC, continues!!",0.0
Merci pour le pdf greg t'assure,0.0
"Tous les week-ends, Brigitte je la zouke lol ğŸ˜ ğŸ˜ ğŸ˜. Je suis mort",0.4215
"J'en ai marre de t'cirer les godasses mais c'est 13 mn de mon temps qui passe a vitesse grand V ou comment faire passer ton point d'vue et laissez chacun se questionner et faire ses propre recherche si il le souhaite. Bref, bon boulot.",0.4588
PTDR Ã  pleurer de rire tellement tu te fout d'leur gueule. Bravo man j't'adore comme tjrs. Continue comme Ã§a. ;),0.2263
"Y a un moment, on commence Ã  se dire que les franÃ§ais sont aveugles.",-0.4588
ben moi je suis trop contente de t'entendre parler d'une histoire aussi crade avec autant d'humour !!!!!!!!!!!! MERCI,0.0
"Le Rainbow Warrior. TorpillÃ©e ??  C'est plutÃ´t une Charge D'explosif au Port .,.
HÃ©las un Photographe Portugais n'avait pas les Tunes pour l'Hotel et ÃL Ã©tait le Seul Ã  Bord ...
Mitterrand n'a pas perdu un point dans les Sondages ... Vive les Socialos qui critiquent LEPEN ....Le mec n'Ã©tait pas un Migrant ..,.",0.0
Excellent numÃ©ro. Je me suis rÃ©galÃ© !,0.6114
"Jurgen Kohler, defenseur allemsnd?",0.0
"Jawad a Ã©tÃ© acquittÃ©, le PDG de Fifa aussi je crois",0.0
GG,0.296
"Il est incroyable le type qui parlait Ã  RMC quand mÃªme ! Une magouille doit en excuser une autre?
C'est quoi cette logique de merde sÃ©rieusement?!",0.0
"c'est dangereux de regarder cette video , je me fait un ptit frichti pain-patÃ©  et la bouche pleine tu nous sort le tweet de julie gayer ... j'ai failli mourir Ã©touffer par un morceau de pÃ¢tÃ©e ... c'est malin .",0.0
"Maintenant que les trolls ont dÃ©montrÃ© leurs potentiels sur l'affaire Benalla, quand est ce qu'ils s'attaquent aux autres sujets d'actualitÃ©?",0.0
L'Ã©lite de la nation !,0.0
On te remercie sur le forum ! ğŸ‘,0.0
"Et pendant ce temps lÃ ....
La vieille de macron Ã  deux voitures, six bureaux et quatre fonctionnaires rÃ©munÃ©rÃ©s 280 000 euros par an, le trÃ¨s confortable train de vie de Brigitte Macron Ã  l'Ã‰lysÃ©e. Et Ã§a choque personne!!! et bien sur personne en parle Ã  la tv et sur les rÃ©seaux sociaux.",0.0
"Bon boulot comme toujours! Quant au Google Drive du 18-25 c'est brillant, tellement brillant que pas mal de lien vers les articles ont sautÃ©s ? Celui du Point concernant le port d'arme illÃ©gale, ainsi que celui de Valeurs Actuelles Ã  propos de l'engagement de Makao ""ami de Jawad ""le logeur de Daesh"" "" par Benalla Ã  la protection de Macron.",0.0
"Non mais Nicole BÃ©lloubet, elle est dans le systÃ©mique. Pour elle, il faudrait que les affaires Benalla soient institutionnalisÃ©es et constantes pour qu'on puisse parler d'affaire Benalla.",0.0
"""Brigitte Macron je la zouk""
ğŸ˜‚ğŸ˜‚ğŸ˜‚ğŸ˜‚ğŸ˜‚ğŸ˜‚ğŸ˜‚",0.0
"Les pouces en bas Ã§a viens de la famille benalla, faut pas sâ€™inquiÃ©ter.",0.0
"did
PurÃ©e , le gars tout tranquillement se permet de dÃ©mesurer la gravitÃ© des faits et pisse Ã  la raie de toute une imparfaite construction et il pisse sur la tentative d' une rÃ©publique!
Et pas de souci!",-0.2695
J'aime beaucoup ton travail ! ;) J'attends le prochain Ã©pisode avec impatience !,-0.3578
Bonjour Greg je pense que ce gars et un fusible il sert la cause de l'Ã‰tat sioniste et dÃ¨s qu'ils auront plus besoin de lui il s'en dÃ©barrasse comme une vieille chaussette c'est juste mon idÃ©e allez Ã  plus Greg,0.0
"did
humhummhh!
Bein moi je veux bien aller chercher l' arsouille!
Siles forces du dÃ©sordre m autorisent!, Macron ne risque rien , je vais juste lui coller une giffle!",0.0
Une fin tragique? Un passage sur le billard en couple avec sa Brigitte pour lui permettre de terminer sa vie sur terre Ã  l'abri des fourches... ğŸ˜‚ğŸ˜‚ğŸ˜‚,0.0
"Si Macron peut insulter la France, il peut Ã©touffer n'importe quelle commission...",-0.4588
"Il me semble qu'une des enquÃªtes a prit fin avec pour conclusion; ""Cela ne ce reproduira plus, nous mettrons en place des insignes pour les aides ""extÃ©rieur"" aux forces de l'ordre."" 
(un truc dans le genre, hÃ©siter pas Ã  me corriger :p )",0.34
Quelqu'un peut-il re-uploader le pdf? Le document s'est fait mettre allabenne...,0.0
"Je suis abasourdi... Le 18-25 qui bosse mieux que nombre journalistes. AprÃ¨s vous connaissez le QI de 200 trolls ? Bah 200, alors un forum complet oO 
Mais GG Greg, et merci :)",0.7125
"Je suis plutÃ´t sapiosexuel, j'apprÃ©cie tes tentatives Greg... Ã‡a fait toujours plaisir de regarder tes vidÃ©os ğŸ’”! ğŸ˜‚ğŸ˜‚ğŸ˜‚",0.0
"La fin est poÃ©tique, j'aime beaucoup !",0.0
t es excellent! super fort! je t adore!,0.9198
"Plusieurs chroniqueurs (cfr Christophe Barbier Ã  câ€™est dans lâ€™air) parlent de Â«Â propos nausÃ©abondsÂ Â» en parlant de la pseudo homosexualitÃ© de Mr Macron. Le fait dâ€™Ãªtre homosexuel serait nausÃ©abond? Pas trÃ¨s printemps tout Ã§a.. (je sais: mauvaise foi et interprÃ©tation. ğŸ˜) 
Merci Greg pour tes analyses fines et humOUristiques ğŸ˜ˆ 
Bon courage et bonne continuation!",0.4574
Â«le pdf a Ã©tÃ© mis Ã  la corbeilleÂ» impossible de le tÃ©lÃ©charger,0.0
Jimmy M. ne sert Ã  rien avec son air suffisant voire mÃ©prisant faÃ§on Macron. Qu'il reste dans son cabinet soigner les retraitÃ©s dont le pouvoir d'achat a baissÃ© grÃ¢ce Ã  Macron...sans compter qu'il doit Ãªtre fÃ©odÃ© Ã  Big Pharma...comme Macron qui les invite Ã  diner...,0.1531
"Jimmy mahomerde dÃ©fend Benallamerde,entre muzz ils se soutiennent.",0.0
"""Non mais moi j'ai vu 5 CRS dÃ©bordÃ©s par 2 manifestants supÃ©rieurs en nombre, j'ai juste voulu aider c'est tout""
Jawad Benalla",-0.128
"Les PLS pleuvent tels les orages de mai-juin... Le pire c'est que tu as raison, Ã  ce rythme lÃ , le livre va vite se terminer",0.2577
C'est marrant comme ils parlent de Benalla ... T'a l'impression que c'est le pote Ã  qui t'a laissÃ© les clefs de chez toi pour qu'il s'occupe de ton chat et quand tu rentre de vacance il t'a vidÃ© le frigo -_-',0.0
Zouker la Brigitte... T'est motivÃ© mec!,0.0
Putain mais cette affaire est fantastique ! C'est gÃ©nial Ã  suivre en attendant la prochaine saison de Game of Thrones !,0.0
"L'Ã©lite fait du meilleur taff que BFM & Cie, soyez fiÃ¨re de vous les kheys. Merci Greg ;)",0.2263
Si Ã§a se trouve tu vas te faire striker  pour fake news xD,0.1779
"au cas ou tu n'aurais pas fait le rapprochement, dans le meilleur des mondes de Huxley le leader s'appelle Mohamed Dupont. SacrÃ© visionnaire ce Aldous",0.0
Benalla il est tellement protÃ©ger que mÃªme Chuck Norris n'OZ pas en parler,0.0
"Â« Une gare, c'est un lieu oÃ¹ on croise les gens qui rÃ©ussissent et ceux qui ne sont rien. Â»
Macron 
bon Benalla faut y aller pour le croiser dans une gare quand mÃªme non ?",0.0
Les forums 18-25 font l'Ã©lite de la pensÃ©e politique... Y'a pas un problÃ¨me ? ;),0.2263
"benalla Ã§a explique les petite phrase de macron 
Â« Certains, au lieu de foutre le bordel, feraient mieux d'aller regarder s'ils ne peuvent pas avoir des postes lÃ -bas, parce qu'il y en a qui ont les qualifications pour le faire et ce n'est pas loin de chez eux. Â»",0.0
"Jimmy Mohamed a tout, comme Claire O'Petit, pour se retrouver dÃ©putÃ© ou autre, en marche...il a souvent un discours immonde , Ã  la fois jouant sur la victimisation de ses origines contre les franÃ§ais racistes et dÃ©fendant ses intÃ©rÃªts de notables, contre les feniants (lui il bosse plus que tout le monde)... Les grandes gueules, une Ã©mission de dÃ©bats stÃ©riles ou tout le monde crie sa vÃ©ritÃ© , malheureusement, en fond sonore dans mon taf.....",0.1027
Merci les trolls d'extrÃªme droite de jvc !,0.0
"bref si tu veux un costard , te fatigue pas Ã  bosser , demande a Benalla",-0.25
"""-Monsieur le PrÃ©sident que pensez vous de...
- JSUI PÃ” PD !""",0.0
Tjrs gÃ©nial Greg ! Comme d'hab'! ğŸ˜Š,0.0
"je me fait baisÃ© par des franc mac autoritaire nazi, despote. chui pas content.",0.0
"""y'a pas mort d'homme""... Oui, car une vidÃ©o Ã  fait apparition avant que ce genre d'acte d'agression ne mÃ¨ne malencontreusement Ã  la mort d'un individu. SÃ©rieusement c'est quoi cet argument tout pÃ©tÃ©, si un homme kidnappe un enfant dans le but de le violer et qu'on lâ€™arrÃªte avant, il aura le droit de dire Ã  la justice ""C'est bon, c'est pas comme si j'avais eu le temps de le violer"".",-0.1027
"Objectivement 
Je pense qu'il y a peu de Youtubers Ã  l'heure actuelle qui arrive Ã  la cheville de jspc
(HonnÃªtetÃ©,contenu,travail exct )

Je t'aime",0.0
L'Ã©lite de la nation Ã  fais ses preuves :hap:,0.0
super tes vidÃ©o ^^ content de t'avoir dÃ©couvert il y a quelque jour ! rÃ©volution des contenues de mon coter c'est beau c'est propre merci a toi !,0.6688
"Si le choix c'est Macron ou Hollande au prochain coup, je vais rire rire Ã  m'en briser les cÃ´tes en espÃ©rant que Ã§a me tue...",0.0
Courage pour la zouk âœŒğŸ»,0.4939
GREG PRÃ‰SIDENT !!!!!!!!!!!!!!!!!!!!!!!!!!!!!!!!!!!!!!!!!!!!!!!!!!!,0.0
"si tu traites mal un mec qui bosse pour la sÃ©curitÃ© du ""prÃ©sident"", mais il va vendre sa peau Ã  ses pottes de sarcelles magueule.... il faut bien traiter les gens qui peuvent vendre ta vie au plus offrant, Ã§a s'appel Ãªtre pragmatique.
J'en revient pas comment nages lÃ  dedans toi sÃ©rieux, moi qui pensait que tu faisais attention Ã  avoir du recul, ce qui se voit dans de nombreuse vidÃ©os, mais lÃ ...",0.0
"salut greg, CEST une affaire d'Ã©tat PUISQUE les ""bavures"" policiÃ¨res sont quelque chose de frÃ©quent et que la police est Ã  la botte de l'Ã©tat en ce qui concerne la repression de tout mouvement de rÃ©sistance, lis l'article de lordon sur le monde diplo si Ã§a t'intÃ©resse. voilÃ  une autre grosse partie du scandale s'il y en a un avec benalla Ã  mon avis! Merci pour tes vidÃ©os, tcho tcho.",-0.5255
Merci pour les infos.ğŸ‘,0.0
"c''est un argument en quoi que ben halla ouakbar soi franc maÃ§on ? il n'est pas un Ã©lu, il ne bosse pas pour les intÃ©rets de la france, lui, contrairement aux Ã©lus.",-0.3612
Ã‡a va Ãªtre sympa les prochaines manif...,0.0
"Ã‡a y est les merdias rentrent dans le rang...ğŸ˜‚
en tout cas merci au forum 18-25",-0.128
"Bravo pour ton taf. L'air de rien, le dernier humoristique en date qui jonglait avec les politiques et dÃ©cortiquait (dÃ©codait) l'information c'Ã©tait Coluche (qui nous manque tellement) et que tu dois faire bien marrer lÃ  haut. Je ne sais si je dois te souhaiter le mÃªme succÃ¨s... Mais en tout cas, tu le mÃ©rites. Si un jour, tu as des pressions d'eventuelles barbouzes fais le nous savoir rapidement! Que la farce soit avec toi jeune padawan",-0.5411
bon spread hayyyy.,0.0
Alexis kohler le usain bolt des discours,0.0
"Les journalistes et les politiques sont cul et chemise et ce n'est pas nouveau,ils font du spectacle pour amuser les gueux et bien les enculers et ces derniers en redemandent alors pourquoi se priveraient-ils ces jounalopes et les politico-mafieux.",0.2732
Excellent Ã©pisode ! Proche de la perfection,0.8268
Tu vas faire zouker brigitte ca c est ğŸ˜‹!,0.0
L'opposition est si faible qu'il dit... Oui c'est une dictature et qd les autres sont d'accord c dangereux pour le pouvoir en place,0.0
"Il y a un article de Slate qui se ballade pour dire que l'affaire est dÃ©gonflÃ©e et qu'elle n'avait que des fake news. Slate. Oui madame. Mais Ã§a fait un moment que ce journal est comme Ã§a, totalement orientÃ©.",-0.7269
Mais que fou le solder de TF2 sur ta mignature WTF,-0.6739
"On est d'accord que les mecs qui ont faire le PDF, ce sont pas les CÃ©lestins qui se retrouvent au tribunal pour harcÃ¨lement.",0.0
"Salut JSPC, on est vraiment pas content !",0.0
Jimmy n'aime pas le *vibranium* pour toutes les communautÃ©s ?,0.0
Un p'tit com' pour le rÃ©fÃ©rencement tavu,0.0
"""Je suis pas PD"" ğŸ˜‚",0.0
erreur dans le titre on dit ce n'est que le dÃ©but et non Ã§a n'est que,0.0
Pourquoi ne pas suggÃ©rer aux gens qui ont la motivation d'imprimer le pdf et de l'envoyer Ã  un ou des mÃ©dias ? x),0.34
L'Ã©lite qu'on vous dit!,0.0
Merci.,0.0
Jimmy Mohammed. (((Musulman))). On va dire que mon NEZ me joue des tours.,-0.4588
vas-y plus fort ! bisou poulet,0.0
"merci encore pour le relais d'information. Pour les personnes dans les dom c'est pas forcement Ã©vident de voir tous les Ã©lÃ©ments venant de mÃ©tropole. Merci encore pour le relais du PDF rÃ©alisÃ© par le 18-25, je l'avoue je ne suis pas forcement dans la recherche des Ã©lÃ©ments citÃ©s dans tes chroniques, lÃ  il y a un bon travail de recherche d'info je trouve. Ce que je trouve abÃ©rant c'est que ce soit le 18-25 qui fasse la recherche Ã  la place de ""professionnels"". Bravo Ã  tous !",0.0
"Tu deviens une super agence d'information.
Ce.pdf doit Ãªtre partagÃ©. 
Il doit Ãªtre distribuÃ©. 
Le plus de monde doit connaÃ®tre ces faits, ainsi que ton analyse d'une logique implacable. 
Merci Ã  toi.
Tu te diriges vers un grand "" printemps"" artistique ğŸ˜‚ğŸ˜‚ğŸ˜‚ğŸ˜‚ğŸ˜‚",0.7845
"Salut, trÃ¨s bon rÃ©sumÃ© et bonne vidÃ©o bien montÃ©e, j'ai tÃ©lÃ©chargÃ© le PDF, c'est complet mais trÃ¨s ""compact"" , mais Ã§a nâ€™enlÃ¨ve pas la qualitÃ© du boulot que vous avez fournis ... Chapeau Ã  tout les contributeurs !!!  
J'ai plus qu'a m'enfiler quelques pastaga et des glaÃ§ons pour attendrir les neurones pour m'attaquer au PDF  ; )

Et comme dirait Francis Lalanne de Saint-ExupÃ©ry: "" C'est au pied du mur qu'on voit mieux la peau de l'ours qui n'amasse pas mousse"" ... Ouais, c'est con mais c'est Lalanne  ^^ .",-0.3348
"Une poignÃ©e de forumeurs dÃ©terminÃ©s fait gratuitement ce que des journalistes payÃ©s par l'argent public sont incapable de faire sur leur temps de travail. Tout va bien. S'il en fallait encore une, c'est la preuve que les solutions viendront de nous, le peuple, et pas d'un groupe d'incapable qui ne sert que ses intÃ©rÃªts.",-0.34
idÃ©e jingle : French Horror Story. les mÃªmes acteurs mais une histoire diffÃ©rente Ã  chaque saison :),-0.1779
EN MARCHE vers le ridicule !!! Heureusement qu'il ne tue pas...,-0.5962
"Comme on dit dans la grande littÃ©rature: ""Benalla sera peut-Ãªtre la chute de petites pierres qui provoquera une avalanche qui balayera tout!""
Enfin je peux toujours rÃªver...",0.0
"Les quais solide, issou les journalistes en sueur",0.0
Il est oÃ¹ le lien ?,0.0
"T'as vu, aujourd'hui le chef du gspr est prit en flagrant dÃ©lit de mensonge, alors qu'il a prÃªtÃ© serment, et Ã§a fait rire tous les sÃ©nateurs prÃ©sents. C'est au sujet de la lecture de la presse du gendarme.
Sinon sur agoravox il y a eu des rÃ©sumÃ©s pas trop mal.",0.0
"Et bravo, rien que pour l'intro",0.0
"LREM toujours lÃ  pour indiquer le sud, et vive le 18 25 ISSOU !!!",0.0
Cette Affaire est sponsorisÃ© par le sel La ğŸ‹ (Baleine),0.0
"Ne lache rien , t'es gÃ©nial , ils ne doivent pas s'en tirÃ©s avec tant de facilitÃ© . Merci pour le partage .",0.0
"Bienvenue dans l'antre de la grognosphÃ¨re...

Chui's pas content !!!! ;)",0.471
"Quand-est-ce que vous comprendrez que le parti nazi, le rÃ©gime de vichy... sont gauchistes ?",0.0
"Gg les mecs du 18-25, vous nous avez fourni une vÃ©ritable pÃ©pite !",0.3595
"Jimmy Mohammed est un con, et il a un faux air d'Himmler de bac Ã  sable, un Himmler du gloubi-boulga mondialiste...",0.0
Go tÃ©lÃ©charger le document 18/25 ... Il va Ãªtre suicidÃ© de 2 balles dans le dos ...,0.0
Qu'est ce qu'on nous cache ? Quelle est le secret qui nÃ©cessite que tant de hauts fonctionnaires risquent leurs carriÃ¨res Ã  raconter des conneries. La diffÃ©rence entre un benalla et un fonctionnaire de police c'est que le 1er est fidÃ¨le Ã  l'homme l'autre Ã  l'institution.,0.0
"C'est quoi ce Guignol de PremiÃ¨re ! Le Rabow Warrior! Il Ã©tait pas nÃ© se petit branleur! Lol Et les meurtres (non encore officiellement acceptÃ©s) de Coluche, de Robert Boulin, de Balavoine, de Roger-Patrice Pelat, de Degrossouvre, de Charles Hernu, de BÃ©rÃ©govoy, de Jean-Edern Hallier... Ben c'est clair, c'est pas encore totalement clarifiÃ© non plus ! Vous nous prenez vraiment les gens pour des cons, monsieur Jonhy machin... Mais pas begod! WTF ce cretin!  ğŸ’©",-0.5995
"Benalla n'a pas dÃ©tournÃ© d'argent, il n'a tuÃ© personne, il n'est pas violeur d'enfants... Primo, personne ne l'en a accusÃ©. Secundo, on peux faire Ã§a avec n'importe qui. Je me lance. Hitler n'a jamais harcelÃ© ou agressÃ© sexuelle qui que ce soit, il n'a jamais Ã©tÃ© condamnÃ© pour crime contre l'HumanitÃ©, crime de guerre ou antisÃ©mitisme (le mot clÃ© de cette phrase Ã©tait ""condamnÃ©"") et il a mÃªme Ã©tÃ© Ã©lu Chancelier de maniÃ¨re parfaitement dÃ©mocratique. Donc Hitler est un bon gars (?)

Ce Jimmy Mohamed essaie tellement de noyer le poisson que c'en est ridicule. Mais bon, aprÃ¨s tout, depuis quand peut-on noyer un poisson dans un verre d'eau (avec ou sans tempÃªte) ? ^^",-0.897
"le 18-25? Moi qui pensais que tu ne frayais pas avec la fachosphÃ¨re...





L'ELITE DE LA NATION",0.0
La blague sur Kohler et la marque de chiottes c'est moyen ... Mais Ã§a m'a fait rire quand mÃªme.,0.0
TrÃ¨s bien vue ton analyse sur la censure. Tu as formulÃ© exactement ce que j'en pensais mais que j'avais du mal Ã  exprimer car justement Ã§a semble banal et normal.,0.0
"C'est triste Ã  dire mais... oui, macron a rÃ©ussi Ã  me faire regretter franÃ§ois hollande. A la prochaine presidentielle je risque de voter hollande si il se reprÃ©sente.",-0.6808
"Merci l'ami.
J'ai participÃ© au bordel, et heureusement que tu es lÃ  pour nous ""supporter"" un minimum. 
En vrai on fait pas que chier dans la colle...",0.0
Oh mais oh ! Moi je l'aime bien Benalla! Il a un air douillet. On dirait un ours de dessin animÃ©...,0.0
"Bonjour, je cherche un affÃ»teur de guillotine svp, merci de me mp si vous en connaissez un
quoi? oui oui, c'est juste une piÃ¨ce de collection",0.0
"Moi aussi, j'ai bondi en Ã©coutant Jimmy momo ! Ce genre de mec qui cherche son quart d'heure de gloire est scandaleux. Ils sont fort de dÃ©former la vÃ©ritÃ© tout en visualisant une vidÃ©o qui est pourtant claire. Comme quoi la communication est un art. Et ses diplÃ´mes ne lui servent visiblement pas Ã  grand chose. En tout cas merci de me faire rire. Et par les temps qui courent ce n'est pas un luxe.",0.3164
mdr trÃ¨s bon Ã©pisode merci beaucoup :D,0.6166
Merde je croivais que c'Ã©tait moi Hitler II,0.0
y'a un google drive maintenant sur Benalla,0.0
Et ben moi cet Ã©pisode il m'a mis trÃ¨s content ^^,0.0
Probablement UN de tes meilleurs Ã©pisodes GREG.....,0.0
Moi ce qui m'avait choquÃ©e c'est le petit clin dâ€™Å“il d'Olivier Truchot Ã  son comparse dans l'Ã©mission de Gds connards... et le dÃ©lire qui suit sur la photo de DaniÃ¨le Obono... on dirait une blague ! Ils poussent loin quand mÃªme les chiens de garde !!!,0.0
"""Un petit bonus Ã  la CLÃ‰"" :rire:",0.5423
"Encore merci .. La gaudriole , un mot qui va tellement bien Ã  la France ...",0.0
La seule chaÃ®ne ou je pose mon j'aime avant de voir. Mon dieu et ce pdf ! L'Ã©lite ne chÃ´me pas pendant l'Ã©tÃ© :),0.5093
"sÃ©rieux faut le bouger pose caca..
ce qui est marrant c'est qu'on voit les vrais visages de certains et dans leurs pitoyables tentatives de le dÃ©fendre, ils ne font que renforcer les franÃ§ais dans leurs doutes.
destitution de Macron..et vite!
La prison Ã  ciel ouvert est en train de cÃ©der.
merci greg pour tes vidÃ©os, lÃ¢che rien.",-0.5562
"Ouais, mais il y a des morts Ã  Gaza",0.0
GG aux gamins du forum !,0.4981
bvo et merci ( vive les extremes... punks and skins memes combats),0.0
Joli boulot mes craies :gardeavous:,0.0
comme quoi tout espoir n'est pas perdu...,-0.128
envoyer chalgoumi pour une dÃ©fense en beton  :D,0.6166
Eussou gneu gneu,0.0
"ğŸ˜‚ğŸ˜‚ Le 18-25 est vraiment gÃ©nial !!
Je kiffe tes vidÃ©os !! C'est bien construit et j'adore tes petites vannes !!",0.0
d'ailleurs je vais un lancer un gros pouce bleu Ã  toutes tes vidÃ©os !!!!! Nuit blanche en perspective mon ami ;),0.471
Bon ben pour le coup la commu JVC mÃ©rite vraiment son titre d'Ã‰lite de la Nation.,0.0
"bon,on vote pour qui",0.0
"Je sais pas pourquoi, mais jâ€™ai lâ€™impression que lrem nous prennent vraiment pour des cons. On a quand mÃªme Ã  la base une personne qui travaille Ã  lâ€™Ã‰lysÃ©e qui tabasse des gens Ã  terre lors du 1er mai. Le pire dans tout Ã§a, câ€™est que lrem prends du terrain en se foutant de notre gueule",-0.128
"Perso je viens de dÃ©couvrir ta chaÃ®ne il n'y a que deux semaines. RESPECT !!!!!! A chaque vidÃ©o c'est un GROS POUCE BLEU !!! Beau boulot, ne lÃ¢che rien !!!!",0.7185
"Faudrait imposer un diapo avec toutes tes vidÃ©os qu'ils comprennent que mÃªme si malgrÃ© l'opposition bah on est quand mÃªme des moutons, mais on comprend quand mÃªme pas mal ce qui se passe, qu'ils nous prennent pour des cons mais que Ã§a va pas durer ! 
Ã‡a risquerai de leur faire un peu peur je pense",0.0
Vive l'Ã©lite de la nation !!,0.0
J'etais lÃ ,0.0
"Coucou je croyais que ton compte YT avait Ã©tÃ© fermÃ© par Miss Schiapira, Schiapala, chipala enfin la simplette de Larem... La ministre de je ne sais quoi, qui veut apprendre aux enfants la sexualitÃ©...
Bon j'Ã©coute assidÃ»ment car je viens de rentrer du boulot pour lui payer ses Ã©moluments Ã  cette folle... avec mes impÃ´ts, mes taxes... ENFIN NOS car je ne suis pas seule... ğŸ˜‰",-0.1531
"Moi non plus j'ai tuÃ© personne et j'ai jamais violÃ© d'enfants, j'peux avoir un billet ?",0.0
Bien dit :trop d'info tue l'info.,0.0
Merci du rÃ©capitulatif .. L'article 68 serait un bon moyen pour entendre M.Macron . puisqu'il le demande...,0.0
Ã§a serait marrant si le peuple allait VRAIMENT chercher Macron...,0.0
c'est quand qu'on le vir ce prÃ©sident car moi aussi suis pas content ....,0.0
"Je ne peu pas tÃ©lÃ©charger le document, il va direct dans la corbeille ğŸ˜•
Sinon super vidÃ©o Greg t'es en forme Ã§a fait plaisir ğŸ‘ğŸ‘",0.5994
"Brigitte je la zouk ....
Mouah ahahaha ğŸ˜‚ğŸ˜‚ğŸ˜‚ğŸ˜‚",0.0
"Et Greg salut je sais pas si tu lit tes commentaire mais mÃªme Ã©tant d'accord avec toi je pense que ton travaille comme tout travaille de dissident est inutile plus le temps passe plus sa sert a rien je trouve voilÃ  
Sinon tu met pls sur pls tes trop bon pour nous la bise.",0.0258
Merci aujourd'hui c'est mon anniversaire et votre vidÃ©o est mon plus beau cadeau ğŸ˜œğŸ˜œğŸ˜œ,0.0
L'Ã©lite de la nation mes kheys !,0.0
Putain pour une fois que le 18-25 fais qque chose d'intelligent,0.0
On est l'Ã©lite de la nation ou on ne l'est pas LA CHANCLA  !!!!,0.0
Proposition de prostitution ??  Ptdr,0.0
Je ne suis pas une grande fille monsieur. x),0.0
"""direct 23"" c'est une chaÃ®ne ? jamais entendu parler.",0.0
"L'Ã©lite a migrÃ©, Avenoel n'attend que vous !",0.0
"Y a un cÃ´tÃ© trÃ¨s trÃ¨s frustrant Ã  regarder des vidÃ©os YouTube sur cette histoire, dont la tienne, c'est que j'ai l'impression qu'il y a tellement d'Ã©normitÃ©s qui sont dites ou faites devant ceux qui pÃ¨sent vraiment dans la balance (TV, journaux, interview diverses, commissions...) 
J'ai l'impression que malgrÃ© le fait que sur le papier Ã§a paraisse Ã©vident que tous les coupables (Macron, Benalla, ministre de la justice, Collomb et j'en passe) doivent faire face Ã  des sanctions et que Ã§a n'arrivera juste pas.
Et que dans deux semaines on est passÃ©s au scandale suivant et ainsi de suite.",0.5267
"Putain, s'il continue comme Ã§a, Ã  un moment, il va tellement se faire guillotiner, il va pas comprendre ce qu'il lui arrive, ce serait spectaculaire, avec du Bella Ciao en fond...(L'originale, pas celle de Naestro)...On peut sortir le pop-corn et les drapeaux.",0.0
"C'est fou le temps que tu passe pour nous partager ton avis merci.
Et fÃ©licitation Ã  tous les jeunes pour le fichier pdf.",0.0
"Des ""grands garÃ§ons"" et ""Des grandes filles"" t'es un peu limitÃ© quand tu t'assoies sur 50 nuances de genre je trouve.",0.0
Personne n'a encore fait une parodie Manu / Benalla / Brigitte <> Arthur / Grudu / GueniÃ¨vre ?,0.0
"La marque de chiot , c'est pas Ã©tonnant qu'il dit de la merde, j'Ã©tais plier en deux",0.0
Le t shirt Metallica ğŸ¤˜,0.0
"Moi aussi je veux faire du cafÃ© pour 10.000E par mois et 24h/24h, pour les pipes bah je fais de l'allergie....",0.0
"Mais les gars vous,n'Ãªtes pas choquÃ©s que tous ces mecs du pouvoir fassent parties de ces cons de francs-maÃ§ons ??",0.4696
"C'est beau de rÃªver. Mais Macron n'a aucune opposition sÃ©rieuse. Que l'on regarde Ã  droite ou Ã  gauche, tous des incapables, des menteurs et des corrompus. Macron est Ã  son poste pour longtemps.",0.0
Macron pendant son prochain discours il va nous lÃ¢cher un okamari no suzoki,-0.296
"On me signale l'arrÃªt du RSA en rÃ©ponse Ã  ce PDF remplie de fake news contre Emanuel Macron 1er

Pas de chance Â¯\_(ãƒ„)_/Â¯",-0.2732
Merci pour l'Ã©pisode ! Et merci au 18-25 pour le travail de rÃ©sumÃ© (que j'avais voulu faire pour y voir plus clair mais la flemme). C'est trÃ¨s intÃ©ressant. ;-),0.3164
Ton travail osi est bien fait lache rien,0.0
Excellent !,0.6114
"Comme quoi, on est jamais mieux servi que par soi-mÃªme, on devrait en faire ""jurisprudence"" de ce document ^^",0.0
Et acheter un micro.correct tu peux aussi ?,0.0
C'est grÃ¢ce aux personnes comme toi que j'arrive encore Ã  Ãªtre fier d'Ãªtre franÃ§ais. LÃ¢che rien mec !,0.0
"Monsieur guillotin une pensÃ©e pour vous, votre invention nous manque..",0.0
Tu as l'air tendu depuis que MarlÃ¨ne t'a... J'ose pas l'Ã©crire pour ne pas te faire de mal. Mais crois moi oublie la. Elle ne te mÃ©ritait pas. Nous on t'aime ! ğŸ’—,0.0
"Mais qu'est-ce que ce niveau d'analyse de ces REM, c'est assez facile de se payer leur tÃªte,  forcÃ©ment j'adhÃ¨re Ã  votre critique.",0.0
c sur ca va pas finir en comÃ©die son mandat lol,0.4215
"Effectivement on peut meme dire que le temps des complots est fini,  tout est sous nos yeux en pleine lumiere car en veritÃ© tout est connu...un clavier, google, un minimum de sens critique et hop..pas besoin d'etre journalope. Aujourd'hui a l'Ã©re de l'information, l'ignorance est un choix.",-0.6124
"Certains parlent de destitution, personnellement j'y vois aucun intÃ©rÃªt. Ok on le destitue et aprÃ¨s ? On vote ? Il n'a pas Ã©tÃ© Ã©lu par hasard, les franÃ§ais l'ont Ã©lu et ils recommenceront avec un autre. Le prÃ©sident est a notre image, c'est pas lui qu'il faut changer c'est les franÃ§ais, il faut changer leurs mentalitÃ©s, mais bon pas facile avec des mÃ©dias aussi influents qui mettent les franÃ§ais les moins averti/critique sous perfusion de leur doctrine pro-systÃ¨me...
Ils ont admirablement bien verrouillÃ© notre libertÃ© d'expression, une sorte de dictature silencieuse dÃ©guisÃ© en dÃ©mocratie qui engendre beaucoup de contrÃ´le, de pouvoir et trÃ¨s peu de contestations, en apparence tout du moins.

Par ailleurs cette chaÃ®ne est une bÃ©nÃ©diction !",0.3296
"t en veut toi dit donc , t'aime Ã§a hein mon salop ?
tu devrais faire tes vidÃ©os en nÃ©gatif avec beaucoup de noir , pour moins faire consommer d'Ã©nergie a tout les pauvres gars ""comme moi"" qui vive par procuration devant tes vidÃ©os comme  un tat de con =)
soit moins con que nous",0.4019
"pour 1 brique par mois je fais les pipes le cafÃ©, et mÃªme brigite...putain tu ma tuÃ©, mais c'est trop Ã§a..quelle bande de guignols !!!",0.0
Ce moment oÃ¹ le 18-25 fait un boulot de recherche plus approfondi et sÃ©rieux que n'importe quel journaliste... Si Ã§a c'est pas un signe qu'on traverse une sacrÃ©e crise je ne sais pas ce qu'il faut...,0.0
Je like rien que pour la miniature avec le soldier <3,0.6597
Les urgentistes qui n' ont rien d' autre Ã  foutre que d' aller faire les zouaves dans une Ã©mission dÃ©bile,0.0
"Greg que j'aime ou pas ( j'aime toujours ) tu auras toujours un j'aime de ma part, comme modeste remerciement pour ton travail de haute mais vraiment vraiment haute qualitÃ©.  J'ai vraiment peur de perdre ta chaÃ®ne Ã  cause de la censure. Merci ... Vraiment.",0.0
"C est pas un mÃ©crÃ©ant celui lÃ  !!! Les fellagas doivent se retourner dans leur tombe!!!!! Quand je pense que mon vieux a Ã©tÃ© obligÃ© de faire la guerre d AlgÃ©rie, et maintenant on se fait mettre a l amende par les cousins",0.0
bien jouer le coup des chiotte j'ai du mettre en pause tellement jetait plier de rire,0.0
Les partis politiques qui s'allient Ã§a sent mauvais pour Macron effectivement. Diviser pour mieux rÃ©gner :),0.4588
"ParticuliÃ¨rement rÃ©ussi, cet Ã©pisode. TrÃ¨s pertinent et trÃ¨s trÃ¨s drÃ´le aussi ğŸ˜Š",0.0
Y'a la fachosphÃ¨re d'aprÃ¨s les mÃ©dias. Mais est-ce que la fashoasphÃ¨re existe ??,0.0
Alexis Kohler c'est pas le monde de demain dont parlait Edouard Philippe?,0.0
"Le pire, c'est que je suis mÃªme pas dÃ©Ã§u de Macron. Il s'avÃ¨re exactement comme je l'imaginais.",0.0
"lourd le taf des khey du 18/25, et super vidÃ©o comme dab.",0.5994
"Ã‡a parait clair que l'affaire Benalla c'est une tempÃªte dans un verre d'eau !!! Un mec copain du prÃ©sident qui donne un coup de main aux CRS ... wahooo quel scandal !!! Le KGB, la stasi en prennent des leÃ§on !!!",-0.6209
"Je ne suis pas d'accord sur la censure, regarde les viols de Telford ,40 ans de viols passÃ©s sous silence",0.0
... Brigitte Macron je la zouk ! Cette punch line elle est nickel ! ^^,0.0
Berk le zouc de Brigitte,0.0
"Jamais je n'aurais crÃ» que ces dÃ©mons du 15-18, aujourd'hui 18-25, seraient un jour plus intÃ¨gres et utiles Ã  la sociÃ©tÃ© que tout notre appareil mÃ©diatique ""mainstream"" rÃ©uni...
Pauvre France ! :^)",0.4389
E.M = En Marche = Emmanuel Macron  LREM = La RÃ©publique En Marche = Le Roi Emmanuel Macron ...,0.0
Algo ++++,0.0
On peut plus juger un mort greg. Plus depuis longtemps,0.0
Excellent !,0.6114
une de tes meilleures vidÃ©os !,0.0
"il manquerais plus qu'un jour, avec toutes ces magouilles, macron et toute sa clic finissent avec une balle entre les des yeux. mais 69 ressemblera plus Ã  une comptine pour enfants Ã  cÃ´tÃ© de ce qu'il pourrais se passer plus tard tellement les franÃ§ais en ont marre .",-0.5423
YAurasRien,0.0
"Putain c'est trÃ¨s exactement ce que j'appelais de mes vÅ“ux ! Trop fort JSPC !
Ce travail est hyper important, nos ennemis comptent sur le bruit assourdissant pour...assourdir.",0.3365
"Oh et d'ailleurs maintenant que j'y pense; tout le monde n'a cessÃ© de dire que Macron etait un pauvre gars comme les autres et non un riche banquier d'affaire.
Du coup j'imagine que moi aussi je peux avoir ma villa au Touquet sans problÃ¨me et tout le reste avec (sauf la momie bien sur, elle bouge c'est flippant)",-0.6124
"Jimmy mohamed faut faire un choix câ€™est pas possible, câ€™est comme Rachid bouvier Ã§a sonne faux.",0.0
"lol, il ose dire que macron ne peux pas Ãªtre PD, parce qu'il a une vieille pour femme et que Ã§a doit lui suffire.  ouai et alors, Ã§a nâ€™empÃªche pas de ce faire peter la rondelle par son garde du corp. C'est possible.",-0.0516
"que dire de plus et bien rien ceci dit que tu soit toujours aussi actif et bon dans se jeux de marionnette avec qu'elle que fion d'ici et de la, merci",-0.4588
"Tu es conscient que tu utilises un fichier issu d'un forum de nÃ©o-nazis incels dâ€™extrÃªme droite violeur et harceleur  ?  ( Í¡Â° ÍœÊ– Í¡Â°)
Mais en tout cas bon Ã©pisode comme toujours, continue de rÃ©galer comme Ã§a !",-0.2003
Merci les khey qui on bossaient lÃ  dessus plutot que de comparer des culs de beurette 10/10 :bravo:,0.0
Nos guillotines marchent toujours je pense...,0.0
"Merci bravo pour le PDF,  j'ai pas trop compris qui l'a fait, mais merci bravo. Super boulot.",0.5994
"Bon ben...y a fallut l episode   174.....pour que je me sortes les doigts du.....Nez..!!!! pour te remercier de ton Taf.... des sujets abordÃ©s....de ton humour ...pour nous faire passer cette ""dictature a pas feutrÃ©e""....comme  une realitÃ© ....(loin des trips de Georges Orwell....!!!!pourtant Nous y sommes Tous!!!!...)....merci a Toi...pour ce moment de pure remise en question d un systeme...qui Nous mets....un doigt....dans le...... Nez...!!!!(tant que le franÃ§ais a ses vacances....!!!!foutons lui la main.....dans le nez!!!!il  ne sentira Rien!!!! ""Disait un type....!!!???...c est peut etre mon voisin..????.....longue vie a Toi et Ton taf.....et Merci pour Nous....(et a  notre... nez!!!!....)",0.7374
"LÃ¢che rien, cette affaire peut niquer le gouvernement j'en suis certain",0.2732
"S'ils avaient acceptÃ© Manuel Valls Ã  En Marche ! , ils auraient pu l'utiliser comme fusible.",-0.3382
"J'suis pas content TV c'est les seules vidÃ©os que je regarde jusqu'Ã  la derniÃ¨re seconde.
Ce vieux titre obscur revit grÃ¢ce Ã  toi ;)",0.2263
T'es un bon !,0.0
"L'Ã©lite, une fois de plus.",0.0
je trouve que plus l'actualitÃ© est miserable et inquiÃ©tante tu est super bon Greg!!! comme quoi l'inspiration ......,0.3769
TrÃ¨s content :hap:,0.0
l'Ã©lite de la nation on vous dit,0.0
"N'empÃªche l'air de rien tu dÃ©passes toutes tes limites avec ces (normalement) insupportables affaires... Je n'aime plus ce que tu fais j'adore ! MÃ©chamment bon, top 1 des humoristes FranÃ§ais !... Parole de (social-)nationaliste ;)",0.508
Merci les kheys,0.0
BFMWC? ==TIREZ LA CHIASSE (conseil d'amis),0.0
"Une belle description de la crise du post-modernisme en ouverture. Tu tapes pile lÃ  oÃ¹ Ã§a fait mal. Ces jours-ci, c'est prÃ©cisÃ©ment mon angoisse, de voir que le travail de saturation mÃ©diatique joue contre la vÃ©ritÃ© et pousse le public Ã  une lassitude rÃ©signÃ©e. SitÃ´t scandalisÃ©, sitÃ´t gavÃ©.
Et de voir que Manu Von Macron se sert avec le mÃªme flegme dÃ©bonnaire de l'affaire Benalla, de la victoire des bleus ou des vacances d'Ã©tÃ© sans distinction pour continuer, tout en mÃ©pris, Ã  faire littÃ©ralement ce qu'il veut (""j'entends ce que vous dites mais j'irai jusqu'au bout"", la citation de l'annÃ©e), et que Ã§a marche (les lois passÃ©es OKLM sur la sÃ©cu pendant l'affaire par exemple), Ã§a me plie le moral. 
Heureusement que tu es lÃ , trÃ¨s sincÃ¨rement. Merci!!",-0.2695
"Belle mÃ©taphore pour la fin ;)
Avec ma compagne on te suit dÃ¨s que tu sors une vidÃ©o, lache jamais stp ^^",0.2263
les sous titre : attention les facs 12 bÃ©bÃ©,0.0
j'ajoute que je vais faire tourner au max ce prÃ©cieux pdf!!,0.0
Bon ba ont peut rÃ©ellement les appelle l'Ã©lite de la nation ğŸ˜ la chapeau sa mÃ¨re,0.0
"Non monsieur !!
Je ne suis ni une grande fille ni un grand garÃ§on, je suis un grand non-binaire ! S'il te plait !",0.8002
"Ah bah Ã  merde, je me suis  ""y s'ont fais quoi encore cette bande de demeurÃ©""

Mais finalement bravo Ã  eux.... j'aurais jamais pensÃ©e qu'un papier aussi ""pro"" aurait put sortir de se forum",0.0
J'en dirai pas plus mais moi j'ai des sources qui disent bien que Macron est homo ...,0.0
De toute faÃ§on les scandales d'Etat Ã§a n'existent pas !,0.0
trÃ©s jolie mot de fin,0.0
L'ELITENT QUE JE VOUS DIENT,0.0
"Tu tâ€™amÃ©liores Ã  chaque Ã©pisode et Ã§a se sent ! Merci pour la qualitÃ© de ton travail, et bonne continuation !",0.0
"C'est fou le pouvoir qu'ont les gens du 18-25, c'est fou! xD",0.6239
L'Elite de la Nation n'est pas Ã©lite pour rien. TournÃ©e gÃ©nÃ©rale de panachÃ©!,0.0
"je consomme du je suis pas content trop souvent, sans le dire, pour l'ensemble des vidÃ©os, et surtout du travail. BRAVO.",-0.4588
"Melenchon voulait interdire les spectacles de DieudonnÃ© rajoutant mÃªme qu'il fallait pas hÃ©siter Ã  tout mettre en Å“uvre pour le faire taire et les insoumis applaudissent comme des moutons conditionnÃ©s et formatÃ©s
ğŸ‘‹ğŸ˜‚",-0.128
J ai encore rien matÃ© de l'episode mais tu prends ton poce bleu direct pour cause de Soldier dans la vignette. C'est pour ce genre de connerie qu'on t'aime Greg,0.0
j'suis pas content non plus !,0.0
"Faut pas oublier que Melenchon le faux rebelle franc maÃ§on Ã  contribuÃ© Ã  la victoire de Macron avec son enfumage d'entre deux tours et son fameux ""Pas une voix pour le FN"" laissant la possibilitÃ© aux insoumis de voter Macron alors qu'il savait pertinament que Macron allait gouverner par ordonnance et dÃ©cortiquer le code du travail
MELENCHON ou MACRON deux francs maÃ§on qui nous la mettront bien profond !",0.0
Dans un pays de mensonge dire la vÃ©ritÃ© c'est troller ^^',-0.4588
Trop drÃ´le j'adore !,0.0
"super travail du 18 25 whaou, je viens d'y jetter un coup d'oeil rapide avant de m'y replonger plus longuement, merci greg super !!",0.855
"Ou on trouve le lien pdf qui est mis Ã  jour par la communautÃ©  ? Car depuis que ta montÃ© ta vidÃ©o, le pdf dois faire 10 pages maintenant.",0.0
"Oui... MAIS, la commission du SÃ©nat elle CONTINUE et pendant SIX MOIS, donc si LREM a rÃ©ussi Ã  torpillÃ© UNE commission, elle n'a pas pu torpillÃ© les deux ! Ce serait bien d'en parler aussi car les auditions du SÃ©nat sont de qualitÃ© (et si Ã  dÃ©faut d'avoir des rÃ©ponses de qualitÃ©, les questions, raisonnements et constatations, le sont malgrÃ© tout. Et on se fout mÃªme de la gueule du ministre, celui-ci restant dignement en PLS :p !).

Donc oui, ce n'est que le dÃ©but et heureusement qu'il y a le SÃ©nat (purÃ©e, j'aurais jamais cru devoir le dire un jour, Ã§a...).",-0.412
"Franchement, Macro destituÃ©, est-ce que c'est possible, vous y croyez?",0.0
"Si seulement les journalistes tv t arrivaient a la cheville, je me remettrai a regarder le 20h. Pas pour aprÃ¨s demain...",0.0
ton emission doit etre vu par tous! c est une utilitÃ© publique,0.0
"Les mecs d'En Marche ne savent plus quoi dire. Ils fouillent dÃ©jÃ  les fonds de tiroires. On voit qu'ils n'y croient pas Ã  leurs arguments.

N'empÃªche qu'on rigole bien.",-0.6908
Aller les gens on s'enfile le PDF pour le bien de la France :),0.4588
Je veux quiter se pays...,0.0
"""Lorsque tout semble mort, lorsque tout semble triste, quand tout est perdu, et bien mes amis il faut penser printemps"" Moi, 2017",-0.3612
"Salut Greg, toujours du super contenu comme d'habitude. Continue comme Ã§a c'est super !",0.8439
MarlÃ¨ne Schiappa elle sert Ã  rien c'est grave.,-0.3818
"Un PDF de 6 pages, WTF. Par contre, je vois bien venir une vidÃ©o traitant de la polÃ©mique comme quoi une femme c'est pris une baffe dans la rue derniÃ¨rement (peut-Ãªtre).",-0.6739
"Leur conneries t'en a fait un job, tes pas prÃªt de prendre des vacances Ã  ce rythme.",0.0
MDR !!! ^^,0.0
Cimer chef!,0.0
Encore un chef-d'Å“uvre ğŸ˜‚ğŸ˜‚ğŸ˜‚,0.0
"!!!!! QUOI ?! QU'ENTEND JE !?  
""la poubelle des dÃ©chets non recyclable du net"" Ã  fait un travail plus propres et plus sÃ©rieux que les mÃ©dias de base (et que le gouvernement ) quelle ironie",0.0
la chancla,0.0
"J'hÃ©site entre le vitriol et le miel: suave et piquant...
Et c'est (j'espÃ¨re) Ã  suivre !
Une affaire d'Ã©tat, pas un scandale d'Ã©tÃ©.",0.5093
"OK doc  a l'abri au cas ou ....
Merci greg toujours des barres tes vidÃ©os !!!!",0.625
"15 juillet : Macron rencontre Poutine - La Russie a vraisemblablement gagnÃ© la guerre en Syrie - Macron manifeste des vellÃ©ites de s'Ã©manciper de l'OTAN ... 
18 juillet : Le Monde, BFM TV, des media qui jusque lÃ  encensaient Macron, font Ã©clater ""le scandale Benalla"" 
Avertissement ? menace ? 
""Si Macron va jusqu'au bout, ils le flingueront - Si il fait amende honorable il sera rÃ©introduit dans le dispositif "" (Francis COUSIN)",0.168
"Depuis l'Ã©lection de Macaron la France a fait un saut quantique en quatrieme dimension la ou rÃ¨gnent en maitres les entitÃ©s sans ame dÃ©moniaques sataniques. DorÃ©navant ces dÃ©mons peuvent se livrer impunÃ©ment a tous leur crimes et toutes leur exactions. Ils se sentent intouchables. C'est pour Ã§a que Macaron peut se permettre de violer la constitution en mettant le legislatif et le judiciaire directement sous le contrÃ´le de l'executif ce qui transforme la gouvernance franÃ§aise en dictature. C'est une tempete dans un verre d'eau Ã§a aussi ? Il peut se permettre d'augmenter la CSG des retraitÃ©s, augmenter l'essence de 30 centimes par litre, baisser la vitesse a 80 km/h. Il peut se permettre de vendre les aÃ©roports a des capitaux Ã©trangers, il peut se permettre de vendre les grandes entreprises FranÃ§aises aux amÃ©ricains et aux allemands, il peut se permettre de dÃ©manteler tous les acquis sociaux, les droits des travailleurs, la sÃ©curitÃ© sociale, les retraites, c'est une tempete dans un verre d'eau Ã§a aussi ? il peut se permettre d'accÃ©lÃ©rer l'immigration massive en organisant une propagande pro-immigrÃ©s (sauvetage d'un enfant par un malien qui sera ensuite naturalisÃ© FranÃ§ais, ce sauvetage Ã©tait en fait une mise en scÃ©ne tout avait Ã©tÃ© soigneusement prÃ©parÃ©, dont un harnais dans le dos de l'enfant), il peut se permettre de faire la propagande du LGBT en organisant des gays prides Ã  l'elysee, en Ã©tant mariÃ© a une transgenre (Brigitte Macron). Macaron peut se permettre d'octroyer un titre de lieutenant colonnel a son mignon Alexou Benalla, de lui autoriser un port d'arme, un droit de commandement aux forces de police et de gendarmerie nationales, de lui autoriser de porter un uniforme de policier, de lui permettre de tabasser impunÃ©ment de jeunes manifestants, d'avoir une limousine Talisman de fonction avec girophare et chauffeur, d'avoir un appartement de fonction quai Branly. Ce Benalla qui a d'ailleurs recrutÃ© Makao (un monstre black de 2m15 avec une tete d'Ã©gorgeur et de dÃ©mon) comme garde du corps de Macaron et on a appris que Makao est un ami de Jawad Bendaoud le logeur des terroristes de Daesh du Bataclan. En quatriÃ¨me dimension Macaron peut se permettre d'avoir une police privÃ©e parallÃ©le. Macaron peut se permettre de dissimuler 75% de son patrimoine dans des paradis fiscaux. Macaron peut se permettre de faire voter des lois liberticidesÂ : loi anti-terroriste, loi sur les fake news, loi sur le secret des affaires. Macaron peut se permettre d'attaquer illÃ©galement la Syrie en violant les regles du droit international et en violant la constitution franÃ§aise car il n'est pas passÃ© par un vote au parlement. Macaron peut se permettre de vouloir prolonger la guerre en Syrie au risque de provoquer un affrontement avec la Russie. Macron peut permettre que des forces spÃ©ciales franÃ§aises soutiennent les groupes djihadistes pour renverser le rÃ©gime de Bashar El Assad en Syrie. C'est une tempete dans un verre d'eau Ã§a aussi ? Macaron peut se permettre lors de sa visite aux US de faire le signe du cornu (signe satanique avec la main) en compagnie de Trump devant la presse amÃ©ricaine et l'amÃ©rique entiÃ¨re. Macaron Ã©lu Ã  66,06 % ( 666 le nombre de la bÃ¨te) avec des Ã©lections truquÃ©es et une cÃ©rÃ©monie d'investiture satanique au pied de la pyramide du Louvre haut symbole maÃ§onnique. C'est une tempete dans un verre d'eau Ã§a aussi ? En quatriÃ¨me dimension les dÃ©mons montrent leur vrai visage, ils se sentent tout puissants et sont persuadÃ©s que rien ne pourra les arrÃ©ter.",-0.7236
"Salut greg, le lien a l'air d'Ãªtre mort, je n'arrive pas Ã  y accÃ©der :(",-0.4404
Ah! Comme j aime ecouter l actualitÃ© avec toi!,0.0
L'Ã©lite de la nation a encore frappÃ©,0.0
"Et le dÃ©tournement de fond, tellement une pratique courante que Ã§a devient un sport national, c'est pas constitutif d'une affaire d'Ã©tat du coup ?",0.4404
SacrÃ© 18-25 :) bravo !,0.5093
Un franc-maÃ§on qui critiquent un autre franc-maÃ§on je trouve sa plus tÃ´t drÃ´le,0.0
"La joke de fin m'a tuÃ©. Simple mais efficace. Je viens de dÃ©couvrir la chaine et super taff, ca fait un bon point d'actu.",0.7269
Issssouuuu,0.0
C'est son papa il Ã©tait mÃ©chant. Pauvre Benalla,0.0
"Si seulement tes vidÃ©os pouvaient avoir une influence significative sur l'Ã©tat d'esprit des franÃ§ais en gÃ©nÃ©ral...

Merci pour ton boulot en tout cas !",-0.2003
Salut ! Tu as vu la derniÃ¨re vidÃ©o de mediapart ? ğŸ˜‚ Je rigole mais c'est nerveux (si Ã§a se vÃ©rifie),0.0
"Zouker brigitte pour 10 briques ? Atta, t'as pas peur que les fondations s'Ã©croulent ?",0.0
Nickel ! Un bon rÃ©sumÃ© de l enfumage actuel. Ils font passer quoi Ã  l assemblÃ©e en ce moment dirait jean Michel complot ğŸ˜‚,0.0
Vive l'Ã©lite,0.0
tous les mecs de la sociÃ©tÃ© civil qui ont suivie macron..... il y en a qui vont en chier Ã  la fin de leur mandat pour retrouver un job,0.0
"Venez sur 2 sucres y'a des plan pour les traps et de shemale pour le bois de Boulogne.... Je ne connais pas , personnellement j'ai pas Ã©tÃ© voir mais Ã§a peut intÃ©resser",0.0
"Op op op le 18-25, on se dÃ©pÃªche d'aller dÃ©bunker l'imposture ripoubliquaine.",0.0
Issou,0.0
L'Ã©lite,0.0
Oh putain quel kiffe !,0.0
18-25 elite de la nation,0.0
Limite la blague sur kholer,0.0
Relent nausÃ©abond..... Ah!,0.0
Informations  fast-food les mÃ©dias d'aujourd'hui,0.0
Faites votre Aaliyah vers 2sucres. On a du quatre quart et du jus d'orange,0.0
"Non mais je suis d'accord, on en fait trop avec Bennalla, juste mettez lui 1 mois de prison, virez le du parti et fin de l'histoire.",-0.5106
Je suis fier de moi tu as repris mon com pour le titre de la vid ^^,0.0
Pour 10 briques tu zouk Brigitte? Un penchant pour la momiphilie greg ?,0.0
ayaaaaaaaaaaa j'y fus.,0.0
"Tu sais quoi, ce forum 18-25, qui est un bastion de libertÃ© d'expression, eh bah il a fait ce que je dÃ©crirais comme un vrai travail de citoyens dÃ©mocrates. Et dans une vraie dÃ©mocratie digne de ce nom ce document remonterait jusque dans les hautes instances du pouvoir et serait pris en compte par des dirigeants qui Ã©coutent leur peuple (donc nÃ©cessairement tirÃ©s au sort ?). La dÃ©mocraite, le pouvoir du peuple, par le peuple ; Ã§a n'a de sens que si ce dernier a un moyen de rÃ©tro controle sur les gugus qu'il Ã©lit.",0.0
Premier PDF,0.0
Consternante rÃ©publique.,0.0
2sucres est plus libre le 410 est pas la,0.0
"Hello. Tu es excellent. 
Prends soin de toi l ami.  Jeanne",0.5719
"Merci pour les vidÃ©os pour ce sujet. AprÃ¨s avoir lu le document de 6 pages, excellent travail de documentation. Merci pour le partage .",0.5719
Redevenez des hommes libres rendez vous sur 2sucres!!!!,0.0
aller c download je vais lire Ã§a,0.0
C'est presque sublime de voir s'Ã©crouler la France sous des fake-rapports.,0.0
"18-25 â€¦. quand Ã§a commence comme Ã§a je me mÃ©fie ;D

Apres faut se dire qu'un ''vrai troll', part sur une vrai base pour te troller â€¦ mais j'avoue que Ã§a ne manque pas de sel cette situation /",-0.1197
jamais Ã©tÃ© aussi fier d'etre un esclave qui finance votre RSA les khey,0.0
""" Jimmy Mohamed "" wow..",0.0
Zouker mamie Brigitte ğŸ˜‚ğŸ¤£ğŸ˜‚ğŸ¤£ğŸ˜‚merci,0.0
A quand un Ã©pisode sur le trucage manifeste des vues et des j'aime partout sur YouTube..  YouTube totalement Ã  la solde du rÃ©gime..!!,0.0
"Khey dis pas qu'on te l'a envoyÃ©, on sait que t'Ã©tais sur le topic, on sait que tu es l'un des nÃ´tres",0.0
"Pour avoir suivi cette affaire attentivement et avoir regarder toutes les auditions du sÃ©nat et une grande partie de celles ayant eu lieu Ã  l'assemblÃ©e nationale, je remercie le forum 18-25 pour le travail de compilation qu'ils ont fait. Jâ€™espÃ¨re qu'ils vont continuer!",0.0
"Entre une qui veux la France plus blanche et l'autre plus noire, on est plus dans la lutte des ""races"" lÃ ...",0.0
"Et macron pendant c'temps la, sa cÃ´te est toujours au top
Et macron pendant c'temps la, il nous la met bien profonddddd
La la la la la la",0.2023
"Une vidÃ©o de Dieudo et une de Greg en moins d'une heure : 
j'ai coupÃ© celle de Dieudo Ã  la moitiÃ©, et j'ai rÃ¢lÃ© que celle de Greg ne fasse que 12 minutes....
L'Ã©lÃ¨ve dÃ©passe le maÃ®tre",0.0
"""Benalla c'est pas [ ... ]""..
nan par contre dans un pays qui se dis porte parole de la dÃ©mocratie il dirige un rÃ©seau de barbouzes, tabasse des manifestants, se fais couvrir par le gouvernement..

nan mais a part Ã§a c'est bon la vie est belle tout roule..",-0.128
Se serait tellement drÃ´le que Macron se fasse destituer.^^,0.0
L'histoire de manu risque de se finir en livre de poche,0.0
"Les dÃ©putÃ©s de lâ€™opposition ont eu ce quâ€™ils voulaient; la remise aux calendes dâ€™une rÃ©forme les concernant. Ils ont fait le spectacle avec leurs motions de censure, visant soigneusement le gouvernement et non pas le prÃ©sident tout en affirmant quâ€™ils souhaitaient lâ€™entendre. Motions nâ€™ayant aucune chance dâ€™aboutir, pas plus que la mise en Å“uvre de lâ€™article soixante huit de la constitution pourtant seul pertinent et cohÃ©rent, et qui aurait eu le mÃ©rite de ne pas se tromper de sujet. Seul un dÃ©putÃ© communiste lâ€™a Ã©voquÃ© et a reÃ§u un silence total pour commentaires et rÃ©actions. Ainsi que le responsable politique pour qui tu as votÃ©. ..Ã§a fait deux personnes en France",0.128
la derniÃ¨re punchline vaut de l'or ! XD T'es en forme ces temps!,0.7284
Magnifique ne lÃ¢che pas l'affaire trop grave a mon goÃ»t,-0.3818
"!!! Salut Greg pourquoi n'as-tu toujours pas Ã©voquÃ© le fait que : Benalla avait recrutÃ© dans le service d'ordre de lâ€™Ã‰lysÃ©e comme garde du corps direct d'Emmanuel Macron, un congolais de 2m de haut appelÃ© Makao qui joue Ã  la PS4 avec Jawad Bendaoud ?!!!",0.0
"Y'a aussi la discussion entre 2 de mes comptes ou j'ai ~2 semaines de rÃ©ponse et dÃ©cryptage minutes aprÃ¨s minutes (je sort Ã§a en screen sur mon profil fb, seulement les gros points et les trucs pas trop imo), petite contribution perso.",0.0
gg ma gueule,0.296
"Bravo les 18-25, jolie travail :)",0.4588
Selon Jacque Attali en 2022 ce sera une femme au pouvoir. Les franÃ§ais auront encore l'illusion du choix. Il avait aussi dit qu'on commencerais Ã  la voir dans le paysage politique en 2020,0.0
"Exhumer Mitterrand pour le juger? Mais en voilÃ  une idÃ©e. On l'a bien fait pour un pape qui s'appelait formose, alors XD",0.6739
Ã  quand le 18-25 au gouvernement ?,0.0
"Finalement, Ã§a a des cÃ´tÃ©s rigolos aussi, la dictature ! Enfin, pour l'instant ...",0.0
"En deÃ§Ã  de la premiÃ¨re couche humouristique, une vision sinistre se dessine. Sinistre depuis bien longtemps, depuis trop souvent. La derniÃ¨re goutte d'eau qui fera dÃ©border le vase, nous l'attendrons encore longtemps. Ou peut Ãªtre que non. Souhaitons le.",0.25
"Benalla qui est chez les francs-maÃ§ons, Collomb aussi. Le Grand Orient a senti que ca risquÃ© de leur retomber dessus, ils ont fait une dÃ©claration pour dire qu'il n'est pas FM chez eux (mais allez voir du cotÃ© de la GLNF, on sait jamais).
D'habitude les FM ne disent jamais qui est un membre de la confrÃ©rie, c'est Ã©trange qu'ils fassent une exception.
Je sens bien que c'est qu'une affaire d'Ã©tÃ© mais elle sent le roussi.",0.0
Merci les kheys <3,0.4404
ptn c'est le 18-25 qui se fout a la tÃªte de la justice.. :'),0.5106
"Tiens, comme c'est bizarre, il semblerait que des articles prÃ©sents dans le PDF est Ã©tÃ© supprimÃ©. C'est surement un genre de coÃ¯ncidence...",-0.3182
TÃ©lÃ©charger le document avant qu'il soit suicider de 4 balle dans le dos.,0.0
Qu'est ce qui te fait dire qu'on est dÃ¨s grandes filles et des  grands garÃ§on ?,-0.4588
Bonjour,0.0
"Benalla est ""quand mÃªme"" un grand serviteur de la rÃ©publique : garde du corps en permanence Ã  surveiller les arriÃ¨res du prÃ©sident !... mÃªme la nuit ... quel dÃ©vouement !",0.555
Nan Ã©pisode trop court . Tes vidÃ©os sont tellement cool que je ne vois pas le temps passÃ© .,0.3182
top !,0.2714
Je me suis bien marrÃ© quand j'ai vu la tÃªte d'Obono voir Lepen se prÃ©cipiter! elle Ã©tait chaude pour un petit cafÃ© on dirait ^^,0.0
C'est pas l'Ã©lite de la nation pour rien le 18-25.,0.0
cette vidÃ©o va se faire suicider,0.0
Macron fais pas chier ou dÃ©gage!!!,0.0
Go lire le pdf des rheys,0.0
"Holland Ã©tait quand mÃªme un prÃ©sident moins autoritaire et clean que macron et le seul scandale de son quinquennat c'est d'aller prendre un petit dej' avant sa maÃ®tresse 

MÃªme si il nous l'a mise quelques fois Holland > macron 

Je suis pas non plus un pro-holland faut pas deconner",0.4019
J'ai mis un pouce vers le haut sans forcer. Amen,0.0
J'ai pas encore matÃ© la vidÃ©o que je sais ue Ã§a va Ãªtre de la bombe !,0.0
"Issou mes frÃ¨res, le gouvernement en sueur devant nous",0.0
"MAIS COMMENT JE PEUX FAIRE LE COMBAT FINAL AVEC LA MUSIQUE DE TON OUTRO EN ARRIERE PLAN ?!?! J'savais pas que la musique venait d'Undertale WOW ! Sinon, la vidÃ©o est sÃ»rement Ã©norme j'irai la voir plus tard ^^ (aprÃ¨s en avoir chiÃ© une ou deux heures)",-0.5165
"haaa, Jimmy mohamed, tu as pas mi le moment ou il fait une crise de jaloux parceq'uil pcomprend pas pourquoi benalla et pas lui^^ c'Ã©tait trop marrant... (les GG avec A. quatennens je crois)",0.4466
8 vue 51 commentaire ??? YouTube petit malin !!!,0.0
"Merci pour le lien. Je suis quotidiennement tes vidÃ©os. J'aime bien ce que tu fais. Continue comme Ã§a. Merci pour les barres de rire, mais merci surtout pour la prise de conscience.",0.0
Prem's !! :-) Encre au top Greg !! Merci Ã  toi pour le lien...,0.6449
"IL FAUDRAIT LUI EXPLIQUER A JIMMY QUE L'EXTRÃŠME DROITE EST DÃ‰JÃ€ AU POUVOIR... 
C'EST UN MONSIEUR DE GAUCHE Ã‰TIENNE CHOUARD QUI EXPLIQUE QUE L'EXTRÃŠME DROITE SONT LES ULTRARICHES ACCAPARANT L' ARGENT, LES MÃ‰DIAS, LE POUVOIR...",0.0
L'Ã©lite de la Nation ğŸ”¥,0.0
mon navigateur ouvre la page mais pas la vidÃ©o !,0.0
"Kolher ahh une marque de chiotte !!!!ğŸ˜‚ğŸ˜‚ğŸ˜‚
Tu m'as tuÃ©, je me demande comment tu trouves tout Ã§a ğŸ¤”ğŸ˜‚ğŸ˜‚",-0.3956
n'est pas l'Ã©lite qui veut :content:,0.0
"NE l'Ã©coutez pas ! C'est un Franc-maÃ§on sioniste  , il cache une kippa sous son bonnet",0.0
"J'ai tÃ©lÃ©chargÃ© le PDF tellement vite en cas de ""perte"" de donnÃ©es",0.0
Et encore il y a encore des faits,0.0
"_""Benalla il n'a pas fait ceci, il n'a pas fait cela""_

Bah moi non plus j'ai rien fait de tout Ã§a ; du coup c'est ok si je me dÃ©guise en flic, que je frappe des gens, que j'ai accÃ¨s aux infos secret defense, que j'ai un logement + une voiture de fonction et qu'on me paye 10 000â‚¬ par mois ?",0.296
Et la sÃ©paration des pouvoirs qui a imposÃ© depuis que le dernier dÃ©cret de manuel vals met sous tutelle du garde des sceaux le pouvoir judiciaire c'est pas un danger pour la dÃ©mocratie ?,-0.5267
"Voyons Greg, vous savez bien que c'est ""les heures les plus sombres de notre histoire"" qu'on dit.",0.0
"La question que je me pose c'est ""Est-ce MarlÃ¨ne, -lÃ¨nemar pour les intimes- sera dans cette vidÃ©o?""",0.0
"La question que je me pose c'est ""Est-ce MarlÃ¨ne, -lÃ¨nemar pour les intimes- sera dans cette vidÃ©o?""",0.0
"Hello.
Le..pdf fait 6 pages.",0.0
"Comme quoi le 18-25 ne fait pas n'importe quoi Ã  longueur de journÃ©e ! 
Comme quoi ! l'ironie quand tu nous tiens !",0.0
"Alors moi je trouve trÃ¨s insultant que tu commence par les femmes quand tu dis ""femmes et hommes""
Aller peace les gens gens et dÃ©connons ğŸ˜Š",0.5423
Merci le 18-25 ^^ Vous dÃ©chirez ! MERCI ^^,0.0
Le 18-25 va sauver la France ! ğŸ‡«ğŸ‡·,0.0
"L'Ã©lite de la nation a frappÃ©.






Au moment oÃ¹ je regardais ChocoFuriouz en plus",0.0
Bravo l'Elite !,0.0
comme pour la vidÃ©o de lci qui dÃ©truit macron (vidÃ©o datant d'avant lâ€™Ã©lection) je tÃ©lÃ©charge le document pour Ã©viter qu'ils disparaisse totalement ( ont sait jamais ^^),0.0
L'Ã©lite,0.0
"T'es devenu ma source nÂ°1 d'info depuis que j'ai dÃ©branchÃ© la tÃ©loche !
Quitte Ã  regarder un rigolo, autant qu'il soit sÃ©rieux.",0.0
Priez le saint rÃ©sumÃ©.,0.0
"C'est cool que tu parle de nous, mais si c'est pour ramener tout les pyjs de twitter sur le fofo, non merci hein... Tous les gauchiasses ne venez pas sur le forum, vous allez pÃ©tÃ© un cable...",0.2023
"Tu seras mon dessert.... car je viens de finir de manger !
Et puis franchement, si je ne regardai pas tes videos, je ne saurai mÃªme pas ce qu'il se passe dans les infos, car je ne regarde plus la TV depuis 4 ans !",0.0
Encore une fois bravo,0.0
Jimmy Mohamed ğŸ˜‚ğŸ˜‚ğŸ˜‚ğŸ˜‚,0.0
"Toujours pas virÃ©s Macron & Benalla ?

Ah oui c'est vrai, la CHANCE",0.4084
18-25 donnez leurs une commission sur le nuclÃ©aire et ils vous rÃ¨glent fukushima et Ã©vite l'explosion des coeurs,0.0
merci au forum 18-25 mÃªme par fois je comprend pas parfois pour quoi vous comme vous etez,0.0
Referencement,0.0
L'Ã‰LITE DE LA NATION !!!!!,0.0
"Puisque tu parles de MP Twitter, j'te rappelle que t'avais lancÃ© une discussion et que depuis, c'est moi qui attends une rÃ©ponse enfoirÃ© ! ^^",0.0
Bonjour.,0.0
MercÃ© Greg ;) JE mate le bonjour tristesse puis aprÃ¨s ton nouvel Ã©pisode bonne soirÃ©e,0.2263
Continue comme Ã§a !,0.0
Le 18-25 plante son drapeau,0.0
"1-60 annÃ©es
2-Julien
3-Baltringue
4-Feu de bois 
5-Smog
et vous ?",0.0
L'Ã©lite de la nation on vous dit.,0.0
Premier CRS,0.0
Prems yes gros bisous de la Corse ğŸŒğŸ˜,0.4019
Je commente avant Pierrick pour lui foutre le seum.,0.0
"Pile au moment ou je roule mon bÃ©do.

Merci Greg !",0.0
Premier like !!,0.4738
